CHEESE_ID,MINING_AREA_ID,NAME, PRICE_PER_KILO ,SIZE,WEIGHT
1,58,Big Bang Brie,752164,1.3,0.22
2,69,Martian Manchego,326439,1.2,0.12
3,5,Crater Camembert,888793,3.5,0.27
4,8,Gravity Gouda,218093,3.6,0.05
5,49,Interstellar Idiazabal,207438,1.2,0.1
6,42,Orbital Ricotta,159653,4.1,0.3
7,21,Interstellar Idiazabal,290963,1.5,0.26
8,50,Starlight Cheddar,565651,3.5,0.11
9,70,Cheese Comet,684688,3.1,0.12
10,41,Cheddar Asteroid,733506,4.6,0.24
11,30,Galactic Gouda,270628,2.7,0.24
12,56,Meteor Manchego,595372,1.3,0.3
13,47,Quasar Quark,719795,0.6,0.09
14,11,Orbit Ozark,224570,3.2,0.18
15,44,Eclipse Edam,536077,1.5,0.15
16,21,Cosmic Cheddar,790549,2.8,0.24
17,45,Nebula Neufchâtel,587220,0.8,0.08
18,63,Cosmic Cheddar,226614,1,0.27
19,1,Space Swiss,855576,2.6,0.22
20,60,Astronaut Asiago,656508,3,0.16
21,3,Supernova Swiss,346839,4.3,0.12
22,29,Cosmic Cheddar,494969,0.8,0.15
23,68,Lunar Limburger,859441,1.9,0.3
24,9,Cosmic Cheddar,147651,5.2,0.09
25,35,Satellite Stracchino,536345,0.9,0.29
26,35,Andromeda Asiago,946209,1.4,0.31
27,11,Tidal Taleggio,634997,1.7,0.26
28,32,Orion Olivet,447452,3.7,0.09
29,57,Satellite Stilton,682368,2.3,0.17
30,42,Big Bang Brie,921967,4.5,0.15
31,41,Saturn Stilton,326666,2.7,0.18
32,8,Lactose Lunar,933724,4.3,0.26
33,43,Blue Moon Delight,395897,5.2,0.06
34,63,Saturn Stilton,808688,3.7,0.23
35,10,Milky Whey Mozzarella,451146,2.1,0.19
36,61,Quasar Quark,894768,4.6,0.17
37,39,Big Bang Brie,211912,2.6,0.16
38,37,Nova Neufchâtel,295480,1.2,0.22
39,9,Saturn Stilton,172630,2.5,0.13
40,47,Crater Camembert,202364,4.1,0.27
41,37,Satellite Stilton,924244,1.4,0.15
42,46,Lunar Limburger,419657,2.7,0.13
43,31,Cheddar Asteroid,461023,4.3,0.32
44,26,Quasar Quark,482967,1.3,0.22
45,65,Milky Whey Mozzarella,606537,1.2,0.14
46,38,Asteroid Aged Cheddar,835279,3,0.3
47,19,Blue Moon Delight,790547,0.9,0.26
48,13,Blue Moon Delight,200615,0.6,0.14
49,27,Solar Swiss,526972,2.2,0.31
50,18,Supernova Swiss,742229,0.6,0.31
51,62,Saturn Stilton,526259,2.3,0.09
52,69,Space Brie,198829,0.8,0.07
53,56,Crater Camembert,488794,3.2,0.12
54,17,Moonlight Marbled,308207,4.1,0.19
55,26,Solar Swiss,755431,5,0.24
56,67,Comet Caciocavallo,722128,3.5,0.14
57,44,Saturn Stilton,712002,3.4,0.29
58,59,Supernova Swiss,918641,2.5,0.17
59,52,Quasar Quark,464659,1.8,0.28
60,66,Eclipse Edam,669547,3.6,0.28
61,1,Asteroid Aged Cheddar,761592,3.4,0.27
62,16,Interstellar Idiazabal,615317,2.3,0.06
63,37,Asteroid Aged Cheddar,346962,1.5,0.04
64,62,Nebula Neufchâtel,839263,4.8,0.27
65,8,Orbital Ricotta,199333,4,0.05
66,19,Apollo Appenzeller,869070,5.2,0.19
67,55,Comet Caciocavallo,735806,3,0.29
68,22,Eclipse Edam,868290,1.4,0.24
69,55,Crater Camembert,279352,3.2,0.1
70,46,Crater Camembert,872516,3.2,0.07
71,45,Cheese Comet,643438,4.5,0.27
72,10,Nova Neufchâtel,847607,4.4,0.2
73,66,Starlight Stracchino,227365,3.9,0.2
74,17,Apollo Appenzeller,522884,0.8,0.07
75,23,Pluto Pecorino,807917,5,0.11
76,15,Milky Whey Mozzarella,732088,1,0.28
77,45,Solar Swiss,340932,1.3,0.28
78,12,Big Bang Brie,161110,2.5,0.1
79,67,Space Swiss,315126,2.6,0.08
80,1,Martian Manchego,717447,2.7,0.14
81,32,Orbit Ozark,578662,1.4,0.13
82,9,Starlight Cheddar,736084,2.3,0.15
83,43,Planet Parmesan,207154,3.4,0.16
84,19,Space Brie,541377,3.9,0.2
85,22,Orbit Ozark,923617,4.9,0.15
86,49,Cosmic Cheddar,493108,3.6,0.28
87,22,Asteroid Aged Cheddar,750244,1.4,0.18
88,7,Lunar Limburger,609560,4.5,0.16
89,50,Satellite Stracchino,470534,1.8,0.14
90,25,Galaxy Gorgonzola,911044,1.2,0.24
91,41,Blue Moon Delight,458389,5.2,0.07
92,5,Blue Moon Delight,915626,3.1,0.31
93,36,Orbit Ozark,455956,1.9,0.05
94,16,Meteor Manchego,441880,4.3,0.25
95,49,Tidal Taleggio,948177,4.9,0.31
96,11,Big Bang Brie,122688,2.6,0.11
97,1,Satellite Stilton,276599,3.1,0.06
98,37,Space Swiss,284292,3.7,0.21
99,58,Orion Olivet,554667,3.7,0.25
100,6,Apollo Appenzeller,499473,3.4,0.22
101,19,Space Brie,739657,0.8,0.09
102,33,Lactose Lunar,228007,1.3,0.12
103,25,Crater Camembert,192588,3.1,0.14
104,4,Lactose Lunar,863481,2.1,0.31
105,38,Apollo Appenzeller,270484,3.6,0.07
106,34,Moonlight Marbled,238103,2.8,0.13
107,37,Lunar Limburger,381364,4.6,0.23
108,3,Cheese Comet,185530,3.9,0.3
109,23,Lactose Lunar,877922,3.6,0.06
110,7,Blue Moon Delight,202961,3.2,0.26
111,35,Galactic Gouda,535138,4.9,0.31
112,60,Space Swiss,331234,2.7,0.23
113,33,Orbit Ozark,332679,0.6,0.08
114,47,Gravity Gouda,208305,0.6,0.18
115,25,Planet Parmesan,493171,1.3,0.08
116,56,Milky Whey Mozzarella,877517,4,0.09
117,13,Orbit Ozark,767602,5,0.22
118,56,Crater Camembert,767818,3.4,0.18
119,23,Satellite Stilton,697978,2.3,0.18
120,16,Neptune Neufchâtel,381457,0.9,0.27
121,34,Moonlight Marbled,902365,4.1,0.29
122,45,Satellite Stilton,421126,1.3,0.11
123,60,Starlight Cheddar,171335,2.2,0.23
124,28,Interstellar Idiazabal,750871,3.5,0.28
125,33,Supernova Swiss,234618,3.7,0.1
126,12,Supernova Swiss,740987,1.4,0.09
127,37,Pluto Pecorino,563793,4.8,0.28
128,62,Orbital Ricotta,354202,1.7,0.16
129,1,Space Swiss,584837,1.3,0.22
130,34,Orbit Ozark,769170,4,0.3
131,63,Cosmic Cheddar,355204,0.6,0.25
132,15,Planet Parmesan,940296,0.8,0.1
133,58,Space Brie,169752,2.2,0.28
134,52,Crater Camembert,943299,3.9,0.27
135,10,Astronaut Asiago,169777,0.8,0.12
136,43,Lunar Limburger,460617,1.8,0.18
137,63,Interstellar Idiazabal,143028,5,0.21
138,14,Starlight Cheddar,421527,3.2,0.1
139,40,Galaxy Gorgonzola,408016,3.9,0.26
140,70,Comet Caciocavallo,363585,3.4,0.28
141,1,Cosmic Cheddar,676733,1.2,0.05
142,40,Neptune Neufchâtel,761953,2.5,0.17
143,4,Orion Olivet,432986,4.4,0.19
144,50,Tidal Taleggio,540846,2.2,0.13
145,68,Supernova Swiss,797510,1.3,0.27
146,23,Space Brie,338123,1.8,0.06
147,22,Galactic Gouda,772014,3,0.06
148,21,Quasar Quark,581250,4,0.3
149,27,Tidal Taleggio,576510,4.9,0.3
150,15,Astronaut Asiago,782629,4.8,0.29
151,20,Lunar Limburger,511248,3,0.04
152,7,Space Swiss,201444,2.6,0.3
153,26,Asteroid Aged Cheddar,599384,1.5,0.12
154,34,Starlight Cheddar,739134,2.5,0.16
155,17,Milky Whey Mozzarella,896879,2.5,0.21
156,26,Starlight Stracchino,237686,3.6,0.24
157,42,Gravity Gouda,701359,1.3,0.15
158,44,Cosmic Cheddar,829704,1,0.17
159,44,Solar Swiss,244113,3.4,0.21
160,57,Gravity Gouda,709925,2.1,0.15
161,70,Eclipse Edam,496107,1.2,0.13
162,47,Apollo Appenzeller,676827,1.9,0.07
163,57,Space Brie,786025,4.9,0.06
164,17,Supernova Swiss,833219,1.2,0.1
165,20,Planet Parmesan,144622,4.4,0.08
166,18,Space Swiss,557466,4.5,0.23
167,9,Moonlight Marbled,518641,1,0.15
168,18,Meteor Manchego,542537,4,0.22
169,7,Crater Camembert,568504,2.5,0.21
170,4,Milky Whey Mozzarella,663804,3.5,0.25
171,35,Cheese Comet,668263,3.1,0.16
172,23,Lactose Lunar,239410,2.8,0.16
173,42,Galaxy Gorgonzola,790208,2.7,0.14
174,66,Nova Neufchâtel,248311,5,0.14
175,34,Cosmic Cheddar,219604,3.9,0.11
176,51,Lactose Lunar,598846,2.1,0.29
177,41,Gravity Gouda,348475,2.5,0.05
178,63,Apollo Appenzeller,453321,2.8,0.06
179,17,Andromeda Asiago,320679,3.7,0.14
180,5,Andromeda Asiago,830334,3.4,0.11
181,49,Cheese Comet,736566,2.5,0.28
182,25,Tidal Taleggio,529136,1.9,0.12
183,21,Eclipse Edam,219011,1.8,0.14
184,34,Solar Swiss,371645,4.6,0.18
185,68,Quasar Quark,545153,4.6,0.09
186,49,Crater Camembert,613949,4.1,0.18
187,41,Cheddar Asteroid,863648,3.5,0.22
188,1,Starlight Cheddar,756298,2.7,0.18
189,63,Tidal Taleggio,452459,3.1,0.12
190,21,Comet Caciocavallo,684116,1.9,0.14
191,52,Lunar Limburger,948641,4.6,0.09
192,6,Satellite Stilton,710219,1.9,0.18
193,50,Astronaut Asiago,862895,3.6,0.3
194,41,Big Bang Brie,231168,4.4,0.27
195,6,Nova Neufchâtel,188941,1,0.24
196,3,Nebula Neufchâtel,140399,3.9,0.1
197,56,Eclipse Edam,679533,3.2,0.1
198,21,Big Bang Brie,883810,3.7,0.19
199,68,Cosmic Cheddar,618104,1.2,0.06
200,18,Tidal Taleggio,733409,1.8,0.28
201,70,Starlight Stracchino,270312,2.6,0.16
202,11,Planet Parmesan,829286,2.7,0.12
203,48,Cheese Comet,120838,4.1,0.22
204,64,Cheddar Asteroid,511566,1,0.05
205,44,Orbit Ozark,381377,5.2,0.07
206,3,Eclipse Edam,528971,3.9,0.09
207,55,Orbit Ozark,312317,1.7,0.16
208,68,Neptune Neufchâtel,855467,3.7,0.2
209,11,Cheddar Asteroid,658388,3.9,0.09
210,5,Big Bang Brie,579438,2.1,0.14
211,2,Nebula Neufchâtel,428354,4.8,0.12
212,59,Nebula Neufchâtel,949042,4.3,0.26
213,14,Crater Camembert,420632,2.5,0.17
214,57,Orbital Ricotta,713184,3.4,0.21
215,35,Quasar Quark,209810,3.6,0.17
216,50,Tidal Taleggio,511438,1,0.11
217,66,Cosmic Cheddar,663950,1.3,0.24
218,1,Cheese Comet,547717,1.2,0.05
219,5,Nova Neufchâtel,746089,0.6,0.08
220,30,Interstellar Idiazabal,260447,3.6,0.2
221,15,Cosmic Cheddar,885360,3.7,0.23
222,31,Cheese Comet,940691,0.8,0.05
223,45,Orbital Ricotta,429359,3.6,0.31
224,46,Solar Swiss,463653,2.5,0.15
225,16,Planet Parmesan,490997,4.6,0.19
226,39,Big Bang Brie,671689,4.5,0.32
227,43,Nova Neufchâtel,355542,1.9,0.3
228,12,Solar Swiss,778235,3.9,0.29
229,13,Pluto Pecorino,554769,3.5,0.14
230,31,Martian Manchego,219417,2.6,0.32
231,6,Orbital Ricotta,342486,4.5,0.17
232,31,Saturn Stilton,884988,1.9,0.05
233,25,Neptune Neufchâtel,366004,3.1,0.11
234,41,Saturn Stilton,830954,4.5,0.07
235,32,Galaxy Gorgonzola,718234,2.5,0.23
236,56,Cheddar Asteroid,146451,5,0.27
237,48,Crater Camembert,601615,1.3,0.13
238,44,Andromeda Asiago,705243,0.9,0.08
239,54,Cheese Comet,504373,2.1,0.31
240,24,Asteroid Aged Cheddar,176300,3.2,0.08
241,26,Quasar Quark,197724,1.2,0.1
242,21,Space Swiss,897357,4.3,0.07
243,19,Milky Whey Mozzarella,622339,0.8,0.13
244,43,Moonlight Marbled,549655,3.2,0.21
245,3,Milky Whey Mozzarella,406049,3.6,0.05
246,53,Tidal Taleggio,674105,4.1,0.14
247,28,Andromeda Asiago,640263,3.2,0.04
248,2,Eclipse Edam,408633,0.9,0.13
249,67,Big Bang Brie,831835,1.2,0.26
250,35,Planet Parmesan,150024,3.1,0.23
251,4,Starlight Cheddar,602463,2.8,0.08
252,28,Solar Swiss,148342,1.5,0.22
253,57,Quasar Quark,423450,2.7,0.25
254,50,Big Bang Brie,241154,2.7,0.14
255,35,Quasar Quark,654572,0.6,0.17
256,34,Planet Parmesan,155134,2.3,0.15
257,17,Cheese Comet,704627,1.4,0.15
258,8,Orbit Ozark,915551,2.6,0.16
259,17,Lactose Lunar,400093,5.2,0.09
260,13,Planet Parmesan,878097,3.7,0.08
261,37,Apollo Appenzeller,834306,1.5,0.21
262,50,Lactose Lunar,916595,3.4,0.3
263,42,Saturn Stilton,344682,4.1,0.15
264,4,Blue Moon Delight,233478,2.1,0.22
265,29,Space Brie,732502,4.5,0.15
266,48,Lactose Lunar,692190,5,0.25
267,33,Orbital Ricotta,715395,2.5,0.08
268,54,Quasar Quark,461711,3,0.2
269,9,Astronaut Asiago,533739,2.2,0.11
270,58,Neptune Neufchâtel,848578,4.9,0.18
271,49,Crater Camembert,538220,1.7,0.11
272,63,Big Bang Brie,582899,3.1,0.31
273,54,Orbit Ozark,226168,4.5,0.31
274,53,Starlight Stracchino,460161,4.3,0.23
275,12,Saturn Stilton,288286,1.5,0.11
276,13,Tidal Taleggio,237845,4.9,0.28
277,70,Supernova Swiss,523075,3.9,0.13
278,54,Meteor Manchego,714681,3.6,0.25
279,57,Pluto Pecorino,791283,1.8,0.05
280,62,Asteroid Aged Cheddar,647333,2.1,0.3
281,61,Tidal Taleggio,795587,3.9,0.05
282,28,Orbital Ricotta,736065,4.8,0.26
283,43,Milky Whey Mozzarella,766811,4.9,0.29
284,16,Solar Swiss,876630,3.5,0.21
285,32,Apollo Appenzeller,866524,2.3,0.19
286,58,Martian Manchego,691105,4.5,0.13
287,15,Cheese Comet,707836,2.1,0.32
288,56,Starlight Stracchino,538136,1.2,0.2
289,56,Space Swiss,901221,4.8,0.08
290,3,Eclipse Edam,612709,5.2,0.05
291,50,Orbital Ricotta,211791,3.4,0.11
292,30,Satellite Stracchino,400464,3,0.3
293,25,Martian Manchego,256846,2.6,0.08
294,45,Pluto Pecorino,380365,2.8,0.07
295,21,Andromeda Asiago,611032,4.9,0.05
296,25,Galaxy Gorgonzola,402133,4.8,0.2
297,61,Eclipse Edam,519853,4.1,0.19
298,10,Gravity Gouda,536706,4,0.08
299,45,Blue Moon Delight,523041,0.8,0.28
300,26,Tidal Taleggio,844130,3,0.08
301,2,Crater Camembert,261658,2.6,0.07
302,58,Starlight Cheddar,780688,3.1,0.31
303,18,Meteor Manchego,734428,2.2,0.19
304,19,Martian Manchego,357716,2.2,0.18
305,7,Orbit Ozark,758775,4.9,0.22
306,16,Lunar Limburger,663196,4.5,0.29
307,47,Tidal Taleggio,177370,3.4,0.19
308,18,Pluto Pecorino,152271,1,0.14
309,44,Asteroid Aged Cheddar,865298,2.2,0.27
310,27,Interstellar Idiazabal,682871,4.5,0.3
311,7,Andromeda Asiago,276049,1.4,0.06
312,63,Starlight Stracchino,480869,3.5,0.3
313,20,Saturn Stilton,495939,0.9,0.18
314,4,Gravity Gouda,196137,3.2,0.31
315,8,Quasar Quark,325517,2.3,0.15
316,52,Nebula Neufchâtel,344267,4.4,0.27
317,8,Lunar Limburger,225376,2.8,0.26
318,55,Orbital Ricotta,683461,4.9,0.2
319,51,Cosmic Cheddar,917367,2.2,0.2
320,22,Astronaut Asiago,614820,1.2,0.04
321,43,Neptune Neufchâtel,568814,4.5,0.16
322,69,Cheese Comet,639895,3,0.08
323,24,Moonlight Marbled,907591,1,0.25
324,20,Cheddar Asteroid,616712,3.6,0.2
325,21,Crater Camembert,779190,4.3,0.28
326,67,Satellite Stilton,746298,5,0.25
327,2,Starlight Cheddar,291343,1.2,0.28
328,69,Crater Camembert,279509,5,0.12
329,32,Satellite Stilton,464658,1.8,0.04
330,70,Moonlight Marbled,861856,4.9,0.11
331,33,Galaxy Gorgonzola,310437,4.4,0.26
332,5,Galaxy Gorgonzola,669426,1.2,0.3
333,3,Saturn Stilton,438779,1.9,0.25
334,17,Crater Camembert,923347,4,0.14
335,1,Galaxy Gorgonzola,805186,3.5,0.32
336,37,Galaxy Gorgonzola,529930,4.6,0.12
337,58,Cheddar Asteroid,430877,1.9,0.11
338,32,Cosmic Cheddar,478019,2.6,0.24
339,9,Neptune Neufchâtel,381013,5.2,0.19
340,65,Pluto Pecorino,147091,0.8,0.21
341,62,Satellite Stilton,936394,5,0.1
342,62,Starlight Stracchino,764458,4.9,0.06
343,18,Quasar Quark,739379,0.9,0.27
344,25,Comet Caciocavallo,594199,1.4,0.24
345,56,Lactose Lunar,941659,4.1,0.27
346,23,Moonlight Marbled,761380,0.8,0.09
347,32,Orbital Ricotta,776569,0.8,0.27
348,26,Space Brie,557438,4.5,0.13
349,52,Lunar Limburger,324887,4.5,0.16
350,18,Supernova Swiss,537583,4.5,0.09
351,17,Comet Caciocavallo,945277,3,0.23
352,33,Milky Whey Mozzarella,347865,4.4,0.16
353,55,Big Bang Brie,179623,1.5,0.27
354,57,Asteroid Aged Cheddar,296661,1.5,0.18
355,53,Comet Caciocavallo,573950,4.6,0.28
356,53,Tidal Taleggio,280845,4.1,0.2
357,30,Solar Swiss,149320,3.1,0.25
358,16,Cheddar Asteroid,826943,0.6,0.09
359,38,Gravity Gouda,449603,0.9,0.11
360,4,Eclipse Edam,332124,1.7,0.15
361,35,Cheddar Asteroid,132197,2.8,0.31
362,64,Tidal Taleggio,688763,0.6,0.2
363,7,Orion Olivet,550788,3.4,0.15
364,33,Comet Caciocavallo,920737,4.4,0.15
365,55,Crater Camembert,420714,1.3,0.1
366,10,Quasar Quark,784458,1.3,0.17
367,45,Nova Neufchâtel,295474,2.1,0.24
368,68,Eclipse Edam,664839,3.6,0.12
369,52,Space Swiss,739881,3.2,0.22
370,40,Galaxy Gorgonzola,398390,2.6,0.21
371,58,Space Brie,474518,1.2,0.23
372,21,Comet Caciocavallo,295873,2.8,0.12
373,48,Martian Manchego,863863,1.4,0.31
374,24,Nova Neufchâtel,868890,5.2,0.05
375,57,Nebula Neufchâtel,858231,3,0.21
376,63,Blue Moon Delight,725227,1.9,0.15
377,42,Satellite Stracchino,193074,4.6,0.29
378,40,Cheese Comet,894421,3.4,0.17
379,31,Comet Caciocavallo,475999,3,0.29
380,36,Space Brie,296824,1.8,0.23
381,8,Asteroid Aged Cheddar,196244,4.6,0.27
382,56,Neptune Neufchâtel,718654,2.2,0.11
383,47,Andromeda Asiago,863668,1.2,0.26
384,38,Comet Caciocavallo,568377,1.4,0.32
385,5,Saturn Stilton,189790,3,0.06
386,6,Tidal Taleggio,256050,3.1,0.04
387,5,Space Brie,500223,4.5,0.25
388,70,Asteroid Aged Cheddar,569405,3.9,0.18
389,70,Solar Swiss,580519,3.7,0.17
390,12,Galaxy Gorgonzola,585492,1.2,0.18
391,20,Orbital Ricotta,568369,1.3,0.22
392,56,Blue Moon Delight,944059,4.1,0.23
393,60,Astronaut Asiago,768239,2.8,0.14
394,31,Starlight Cheddar,737817,1,0.08
395,27,Solar Swiss,783967,3.6,0.14
396,25,Starlight Stracchino,494849,2.8,0.26
397,12,Starlight Cheddar,562435,4.3,0.13
398,2,Planet Parmesan,781461,3.4,0.06
399,64,Martian Manchego,519601,3.1,0.1
400,20,Big Bang Brie,795166,0.8,0.22
401,11,Space Brie,215964,0.8,0.31
402,62,Orbit Ozark,246032,3.7,0.3
403,48,Martian Manchego,334570,0.9,0.23
404,28,Apollo Appenzeller,253931,1.8,0.19
405,5,Astronaut Asiago,279469,3,0.22
406,3,Interstellar Idiazabal,672882,4.5,0.06
407,46,Crater Camembert,421635,1,0.27
408,39,Andromeda Asiago,919299,3.1,0.07
409,43,Blue Moon Delight,612740,4.5,0.29
410,14,Neptune Neufchâtel,289170,0.8,0.06
411,3,Satellite Stracchino,460323,2.2,0.26
412,34,Space Brie,431596,4.1,0.16
413,1,Blue Moon Delight,714125,4.4,0.26
414,48,Interstellar Idiazabal,686136,4.6,0.3
415,26,Crater Camembert,794529,3.9,0.08
416,39,Starlight Stracchino,223110,1.8,0.28
417,4,Meteor Manchego,619088,3.6,0.28
418,26,Nova Neufchâtel,430156,4.5,0.08
419,63,Crater Camembert,761827,4.9,0.18
420,47,Blue Moon Delight,502161,1.8,0.26
421,58,Milky Whey Mozzarella,535156,4,0.16
422,40,Space Brie,142442,4,0.11
423,68,Eclipse Edam,707269,1,0.3
424,19,Satellite Stracchino,826558,0.9,0.17
425,7,Moonlight Marbled,534731,4.3,0.07
426,51,Space Swiss,675183,1.4,0.31
427,66,Martian Manchego,468320,1,0.16
428,63,Nebula Neufchâtel,169673,1.7,0.19
429,50,Solar Swiss,895052,5.2,0.31
430,24,Nebula Neufchâtel,886729,4.5,0.2
431,50,Starlight Cheddar,586443,2.1,0.18
432,26,Starlight Stracchino,672809,1.9,0.19
433,27,Milky Whey Mozzarella,366475,1.5,0.13
434,53,Pluto Pecorino,914112,0.9,0.21
435,20,Orion Olivet,846762,2.3,0.06
436,67,Gravity Gouda,841613,1.9,0.26
437,1,Space Brie,369178,2.3,0.27
438,1,Orion Olivet,523580,2.6,0.31
439,27,Cheese Comet,528863,3,0.22
440,16,Nova Neufchâtel,574893,5,0.31
441,18,Satellite Stilton,390539,1.9,0.1
442,57,Satellite Stracchino,585675,1.2,0.22
443,36,Moonlight Marbled,232968,5,0.31
444,70,Galaxy Gorgonzola,236616,0.8,0.05
445,55,Crater Camembert,768328,3,0.26
446,60,Space Swiss,232954,4.3,0.21
447,30,Cosmic Cheddar,653219,2.5,0.06
448,47,Orbital Ricotta,491211,3.1,0.3
449,15,Martian Manchego,798546,1.8,0.27
450,36,Starlight Cheddar,209587,2.6,0.14
451,70,Lunar Limburger,468240,1.5,0.17
452,30,Neptune Neufchâtel,379165,1.9,0.3
453,49,Starlight Stracchino,480066,4.4,0.04
454,8,Solar Swiss,295925,4.4,0.19
455,42,Blue Moon Delight,329611,1.3,0.1
456,39,Gravity Gouda,686046,3.4,0.1
457,20,Gravity Gouda,673716,3.5,0.21
458,23,Space Swiss,740074,1.8,0.13
459,48,Satellite Stracchino,862667,4.9,0.29
460,6,Eclipse Edam,226087,2.2,0.3
461,64,Tidal Taleggio,454600,2.8,0.2
462,51,Orion Olivet,801136,2.1,0.3
463,19,Lunar Limburger,706971,1.4,0.08
464,64,Cosmic Cheddar,807110,4.4,0.16
465,31,Saturn Stilton,249865,1,0.23
466,55,Andromeda Asiago,594112,4.9,0.14
467,61,Galaxy Gorgonzola,661341,4.3,0.17
468,14,Cosmic Cheddar,287347,1.9,0.29
469,13,Big Bang Brie,627554,5,0.27
470,2,Andromeda Asiago,679544,4.4,0.25
471,42,Big Bang Brie,293913,1.7,0.25
472,40,Blue Moon Delight,253798,5.2,0.09
473,39,Cosmic Cheddar,737941,1.3,0.2
474,23,Space Swiss,368663,1.3,0.31
475,50,Milky Whey Mozzarella,946278,4.4,0.28
476,46,Orbit Ozark,183077,2.1,0.09
477,52,Supernova Swiss,644851,1.8,0.24
478,1,Crater Camembert,800321,2.1,0.08
479,15,Lactose Lunar,922629,4.3,0.16
480,7,Neptune Neufchâtel,726757,2.8,0.21
481,56,Gravity Gouda,229670,5.2,0.25
482,68,Lactose Lunar,946753,1.9,0.05
483,27,Interstellar Idiazabal,927013,2.7,0.29
484,42,Saturn Stilton,810509,4,0.05
485,70,Solar Swiss,747593,3.7,0.23
486,62,Space Swiss,809567,0.9,0.16
487,35,Lactose Lunar,716399,4.6,0.11
488,65,Blue Moon Delight,580167,2.3,0.14
489,1,Satellite Stilton,832757,2.8,0.3
490,66,Satellite Stracchino,802640,1.7,0.3
491,46,Gravity Gouda,240484,4.3,0.21
492,31,Astronaut Asiago,499924,4.4,0.25
493,52,Space Swiss,271112,2.3,0.26
494,31,Space Swiss,869347,2.8,0.31
495,57,Space Brie,429246,3.9,0.1
496,53,Eclipse Edam,904409,3.6,0.19
497,28,Tidal Taleggio,768373,2.6,0.05
498,23,Saturn Stilton,283848,3,0.22
499,57,Interstellar Idiazabal,587972,0.8,0.24
500,59,Neptune Neufchâtel,303701,4.4,0.25
501,23,Orbit Ozark,216836,0.8,0.27
502,51,Starlight Cheddar,873415,3.1,0.25
503,57,Lactose Lunar,265457,4.1,0.25
504,67,Crater Camembert,389879,3.7,0.21
505,24,Starlight Cheddar,409578,3.9,0.14
506,28,Orbit Ozark,160260,2.1,0.31
507,61,Crater Camembert,400059,1.5,0.11
508,3,Blue Moon Delight,777860,4.9,0.18
509,51,Supernova Swiss,203037,4,0.25
510,44,Starlight Stracchino,851743,4.8,0.06
511,48,Galaxy Gorgonzola,516540,4.5,0.2
512,42,Lunar Limburger,140943,2.7,0.23
513,70,Orbit Ozark,622566,1.4,0.15
514,23,Comet Caciocavallo,429080,3.2,0.11
515,47,Satellite Stilton,454688,3.2,0.28
516,66,Starlight Stracchino,504349,4.4,0.3
517,37,Pluto Pecorino,195022,3.5,0.28
518,15,Comet Caciocavallo,929463,1.2,0.13
519,69,Eclipse Edam,839908,1.8,0.22
520,69,Comet Caciocavallo,468185,4.8,0.15
521,9,Solar Swiss,199013,4.6,0.23
522,19,Space Brie,257318,3,0.18
523,64,Gravity Gouda,646050,5,0.17
524,51,Crater Camembert,554653,3.6,0.28
525,42,Blue Moon Delight,135836,3.9,0.22
526,41,Quasar Quark,212517,0.8,0.22
527,28,Asteroid Aged Cheddar,695271,1.5,0.17
528,4,Meteor Manchego,504526,5.2,0.23
529,22,Pluto Pecorino,737172,3.1,0.26
530,9,Milky Whey Mozzarella,169349,4.1,0.19
531,16,Starlight Cheddar,652703,1.9,0.24
532,41,Supernova Swiss,483862,3.1,0.29
533,67,Starlight Stracchino,241718,1.5,0.14
534,23,Orion Olivet,121143,0.9,0.27
535,22,Satellite Stracchino,844570,4.8,0.2
536,36,Eclipse Edam,749917,4.1,0.27
537,51,Starlight Stracchino,395218,3.7,0.2
538,49,Blue Moon Delight,894238,1.2,0.16
539,16,Milky Whey Mozzarella,653434,3.1,0.06
540,35,Planet Parmesan,175246,2.1,0.12
541,25,Milky Whey Mozzarella,721760,2.3,0.3
542,4,Neptune Neufchâtel,428090,3.1,0.21
543,13,Martian Manchego,174104,1.8,0.21
544,50,Solar Swiss,354294,3.5,0.06
545,66,Meteor Manchego,533836,5.2,0.19
546,3,Comet Caciocavallo,572691,4.1,0.26
547,9,Supernova Swiss,455217,2.1,0.19
548,32,Starlight Stracchino,764281,4.9,0.16
549,18,Meteor Manchego,629857,4.3,0.29
550,37,Galaxy Gorgonzola,844552,4.3,0.28
551,36,Andromeda Asiago,505069,3.6,0.2
552,56,Nova Neufchâtel,234857,3.4,0.12
553,31,Eclipse Edam,236115,4,0.24
554,57,Satellite Stracchino,538003,1,0.21
555,70,Lactose Lunar,608439,2.6,0.14
556,23,Milky Whey Mozzarella,530883,4.5,0.08
557,37,Comet Caciocavallo,156575,1.2,0.2
558,46,Moonlight Marbled,223378,1.5,0.23
559,67,Solar Swiss,379257,2.5,0.23
560,32,Big Bang Brie,285743,1.4,0.18
561,7,Cheese Comet,915012,3.4,0.22
562,43,Milky Whey Mozzarella,724321,3.9,0.12
563,17,Supernova Swiss,367772,4.3,0.16
564,20,Interstellar Idiazabal,404700,3.1,0.04
565,62,Moonlight Marbled,187424,1.2,0.27
566,43,Tidal Taleggio,750507,2.6,0.26
567,41,Satellite Stracchino,838703,3.4,0.28
568,34,Planet Parmesan,703482,3.5,0.23
569,52,Starlight Cheddar,368937,3.4,0.17
570,13,Starlight Stracchino,490470,3.5,0.32
571,26,Orbit Ozark,947394,1.9,0.06
572,52,Asteroid Aged Cheddar,888286,3.2,0.3
573,69,Meteor Manchego,596256,1.2,0.27
574,27,Nebula Neufchâtel,485961,2.2,0.13
575,68,Orion Olivet,724541,3.7,0.11
576,33,Big Bang Brie,764909,0.8,0.25
577,33,Nebula Neufchâtel,227275,1.9,0.07
578,44,Pluto Pecorino,265390,4.8,0.18
579,7,Astronaut Asiago,745769,4.5,0.23
580,62,Apollo Appenzeller,602628,3.4,0.19
581,57,Tidal Taleggio,175431,1.7,0.15
582,14,Big Bang Brie,185428,3.6,0.05
583,16,Orion Olivet,278591,1.3,0.27
584,63,Galactic Gouda,405089,1.7,0.24
585,9,Orbit Ozark,388781,2.6,0.22
586,24,Blue Moon Delight,384539,1,0.21
587,5,Neptune Neufchâtel,482888,4.1,0.1
588,42,Gravity Gouda,458699,4.8,0.17
589,28,Gravity Gouda,406179,4.3,0.29
590,46,Orbit Ozark,513728,1.7,0.06
591,59,Satellite Stracchino,669749,5,0.27
592,14,Blue Moon Delight,709840,2.7,0.08
593,65,Cosmic Cheddar,684639,4.4,0.05
594,20,Nova Neufchâtel,465543,4.6,0.11
595,45,Cheddar Asteroid,343881,3.6,0.29
596,10,Big Bang Brie,528360,2.6,0.24
597,63,Big Bang Brie,784555,4.5,0.21
598,36,Astronaut Asiago,776559,5.2,0.09
599,46,Space Brie,122618,3.2,0.2
600,25,Nebula Neufchâtel,617433,5,0.08
601,26,Starlight Cheddar,218125,1.3,0.13
602,46,Satellite Stilton,919018,4.9,0.12
603,6,Tidal Taleggio,686592,5.2,0.12
604,19,Milky Whey Mozzarella,552342,2.2,0.3
605,48,Orbital Ricotta,226508,1.7,0.21
606,61,Orbit Ozark,867551,2.6,0.24
607,19,Interstellar Idiazabal,758799,4.3,0.23
608,20,Starlight Stracchino,123273,3.7,0.22
609,69,Blue Moon Delight,533712,4.4,0.11
610,35,Eclipse Edam,929049,3.1,0.29
611,59,Saturn Stilton,813229,2.2,0.28
612,33,Starlight Stracchino,640611,2.6,0.1
613,60,Saturn Stilton,573367,1.4,0.07
614,57,Nebula Neufchâtel,440897,4,0.05
615,26,Blue Moon Delight,566393,3.7,0.12
616,52,Orion Olivet,262013,4.9,0.23
617,7,Tidal Taleggio,198193,1.9,0.18
618,56,Starlight Stracchino,841665,3.7,0.3
619,65,Nebula Neufchâtel,296186,2.1,0.21
620,59,Milky Whey Mozzarella,567040,1.5,0.15
621,37,Martian Manchego,762272,1.7,0.15
622,31,Orbital Ricotta,259507,3,0.27
623,10,Space Swiss,256706,3.7,0.2
624,32,Gravity Gouda,284772,2.1,0.27
625,35,Meteor Manchego,861579,1.5,0.13
626,41,Astronaut Asiago,233686,2.1,0.12
627,62,Martian Manchego,145593,3,0.04
628,32,Neptune Neufchâtel,125982,2.6,0.28
629,2,Satellite Stilton,546798,4,0.04
630,14,Cheese Comet,753405,4.1,0.14
631,64,Solar Swiss,659954,2.1,0.17
632,62,Lunar Limburger,570210,2.2,0.13
633,29,Interstellar Idiazabal,454501,1.3,0.3
634,37,Apollo Appenzeller,746197,2.5,0.07
635,10,Crater Camembert,936742,3.5,0.12
636,18,Moonlight Marbled,582292,1,0.14
637,43,Apollo Appenzeller,676392,3,0.16
638,11,Cheddar Asteroid,675172,4,0.24
639,69,Gravity Gouda,563280,2.2,0.16
640,58,Starlight Cheddar,294648,1.9,0.05
641,64,Starlight Stracchino,814998,3.5,0.07
642,37,Quasar Quark,520962,3.5,0.06
643,50,Starlight Stracchino,292748,3.4,0.15
644,65,Space Swiss,876727,4.4,0.15
645,59,Crater Camembert,597858,3.1,0.2
646,11,Lunar Limburger,854220,3.2,0.05
647,26,Cosmic Cheddar,391490,4.9,0.23
648,18,Crater Camembert,900626,4.6,0.06
649,52,Solar Swiss,863176,0.8,0.24
650,59,Pluto Pecorino,512341,3.9,0.3
651,66,Space Swiss,502971,3,0.22
652,50,Andromeda Asiago,382483,3.5,0.16
653,7,Astronaut Asiago,428362,2.2,0.06
654,6,Interstellar Idiazabal,720671,3.6,0.19
655,47,Blue Moon Delight,293739,1.7,0.24
656,19,Cheese Comet,189608,0.6,0.26
657,27,Orbital Ricotta,787113,3.5,0.24
658,31,Cosmic Cheddar,264248,2.2,0.1
659,22,Supernova Swiss,438267,4.1,0.24
660,46,Lunar Limburger,669393,4.1,0.08
661,37,Cheddar Asteroid,127915,2.6,0.24
662,70,Orion Olivet,395836,4.6,0.29
663,23,Big Bang Brie,623986,4.3,0.07
664,13,Starlight Cheddar,247164,2.1,0.29
665,36,Crater Camembert,727813,1,0.22
666,61,Nova Neufchâtel,273606,3.9,0.17
667,26,Galaxy Gorgonzola,400365,4.4,0.11
668,27,Gravity Gouda,127000,4.1,0.12
669,55,Cheddar Asteroid,766370,2.3,0.26
670,51,Orbit Ozark,303719,1.7,0.15
671,64,Eclipse Edam,578217,1.8,0.28
672,5,Milky Whey Mozzarella,599868,4.9,0.06
673,24,Apollo Appenzeller,942977,1.9,0.28
674,43,Solar Swiss,230568,4,0.21
675,64,Crater Camembert,630074,4,0.14
676,40,Supernova Swiss,662782,2.3,0.29
677,67,Apollo Appenzeller,271555,1.7,0.28
678,25,Crater Camembert,905205,1.8,0.28
679,4,Orion Olivet,578680,3.9,0.13
680,46,Meteor Manchego,432265,3.5,0.26
681,66,Moonlight Marbled,802128,2.8,0.31
682,38,Satellite Stracchino,624392,4.6,0.31
683,17,Crater Camembert,381804,5.2,0.22
684,62,Space Swiss,478650,2.3,0.17
685,47,Starlight Cheddar,576796,3.5,0.21
686,3,Crater Camembert,513185,3.2,0.18
687,57,Astronaut Asiago,726698,0.9,0.12
688,17,Space Swiss,329465,4.4,0.09
689,55,Meteor Manchego,792204,4.9,0.06
690,42,Space Brie,647803,4.5,0.05
691,31,Milky Whey Mozzarella,201701,3.4,0.07
692,8,Crater Camembert,370449,1.7,0.23
693,24,Nova Neufchâtel,176552,2.3,0.05
694,5,Planet Parmesan,806119,0.9,0.06
695,12,Andromeda Asiago,823367,0.9,0.05
696,14,Eclipse Edam,134999,0.6,0.16
697,13,Crater Camembert,272348,1,0.15
698,69,Quasar Quark,738147,1.7,0.08
699,49,Galaxy Gorgonzola,401635,0.8,0.15
700,14,Starlight Cheddar,672859,2.5,0.22
701,55,Crater Camembert,123376,2.3,0.19
702,19,Cheddar Asteroid,668956,3.9,0.28
703,47,Martian Manchego,746654,5,0.2
704,65,Apollo Appenzeller,154596,1.9,0.28
705,29,Starlight Cheddar,163985,0.9,0.06
706,61,Cheddar Asteroid,884701,3.5,0.13
707,5,Eclipse Edam,690519,0.8,0.28
708,21,Quasar Quark,314305,3.4,0.31
709,41,Crater Camembert,823755,0.8,0.08
710,35,Interstellar Idiazabal,949864,4.5,0.13
711,66,Solar Swiss,946688,0.8,0.18
712,67,Milky Whey Mozzarella,518471,3.7,0.09
713,68,Space Brie,651622,2.7,0.12
714,55,Meteor Manchego,523809,4.8,0.31
715,20,Cheese Comet,432224,4.8,0.24
716,30,Big Bang Brie,710216,4.1,0.05
717,5,Neptune Neufchâtel,410954,4.4,0.27
718,30,Tidal Taleggio,857850,3.7,0.31
719,45,Andromeda Asiago,296566,1,0.29
720,40,Cheese Comet,234375,0.8,0.21
721,15,Cheese Comet,678615,3,0.17
722,8,Starlight Stracchino,209972,3.5,0.1
723,40,Pluto Pecorino,759328,2.7,0.07
724,56,Crater Camembert,535328,4.5,0.16
725,8,Space Brie,615126,0.6,0.23
726,46,Satellite Stracchino,442903,3,0.15
727,37,Apollo Appenzeller,420410,3.6,0.09
728,41,Starlight Cheddar,651529,4.4,0.07
729,55,Asteroid Aged Cheddar,470329,2.6,0.29
730,44,Crater Camembert,947012,2.8,0.3
731,42,Galaxy Gorgonzola,266068,4,0.19
732,64,Moonlight Marbled,282327,2.3,0.17
733,33,Comet Caciocavallo,833907,1.5,0.3
734,5,Tidal Taleggio,770994,4.9,0.18
735,65,Supernova Swiss,313453,4,0.29
736,70,Tidal Taleggio,810837,2.2,0.3
737,19,Quasar Quark,703364,3,0.29
738,14,Cheddar Asteroid,904726,4.5,0.15
739,17,Solar Swiss,802414,1.9,0.12
740,62,Big Bang Brie,855058,4.1,0.16
741,1,Pluto Pecorino,783781,4.5,0.13
742,29,Comet Caciocavallo,514522,2.7,0.3
743,31,Cosmic Cheddar,245152,0.9,0.06
744,55,Starlight Cheddar,574922,4.3,0.15
745,63,Gravity Gouda,739745,1,0.12
746,20,Asteroid Aged Cheddar,402879,4.3,0.12
747,18,Nebula Neufchâtel,236054,3.5,0.19
748,12,Meteor Manchego,590245,3,0.16
749,60,Crater Camembert,441404,1.8,0.13
750,17,Eclipse Edam,287895,5,0.27
751,39,Cheddar Asteroid,355336,4.9,0.23
752,20,Orbit Ozark,128531,1.3,0.07
753,26,Cheddar Asteroid,731658,1.7,0.12
754,63,Asteroid Aged Cheddar,267361,1.3,0.1
755,47,Andromeda Asiago,396044,4.9,0.29
756,66,Space Brie,786158,3.5,0.04
757,9,Galactic Gouda,500255,3.5,0.2
758,11,Galactic Gouda,259053,5.2,0.09
759,68,Satellite Stilton,552277,4.5,0.23
760,4,Big Bang Brie,685465,3.2,0.1
761,2,Blue Moon Delight,285819,2.2,0.17
762,4,Martian Manchego,884129,1.8,0.32
763,65,Comet Caciocavallo,272871,5.2,0.11
764,2,Supernova Swiss,552499,0.9,0.21
765,18,Satellite Stilton,669189,2.8,0.18
766,28,Orbit Ozark,754412,4.8,0.27
767,58,Orbit Ozark,942630,1.2,0.09
768,52,Quasar Quark,431436,2.8,0.05
769,11,Space Swiss,716377,4.9,0.08
770,14,Neptune Neufchâtel,554414,3.1,0.07
771,5,Solar Swiss,688472,3,0.31
772,61,Crater Camembert,907953,4.1,0.17
773,38,Interstellar Idiazabal,629738,3,0.24
774,58,Interstellar Idiazabal,474675,2.3,0.1
775,2,Quasar Quark,419585,3.6,0.31
776,13,Starlight Cheddar,389463,4.5,0.14
777,21,Meteor Manchego,267233,4.1,0.21
778,65,Galactic Gouda,717223,1.8,0.26
779,51,Starlight Stracchino,204126,3.2,0.06
780,34,Gravity Gouda,482312,1.9,0.11
781,47,Starlight Stracchino,153622,3.9,0.18
782,51,Comet Caciocavallo,347270,1.4,0.26
783,50,Galaxy Gorgonzola,534988,0.8,0.16
784,30,Supernova Swiss,646474,3.6,0.09
785,40,Cheddar Asteroid,693547,2.2,0.16
786,67,Satellite Stracchino,518097,3.2,0.21
787,5,Milky Whey Mozzarella,573893,1.5,0.23
788,51,Saturn Stilton,538868,1.5,0.16
789,5,Galactic Gouda,562326,5,0.23
790,41,Andromeda Asiago,740777,1.3,0.07
791,11,Quasar Quark,890880,0.9,0.12
792,46,Starlight Cheddar,642099,4.6,0.12
793,29,Comet Caciocavallo,782179,4.9,0.06
794,42,Planet Parmesan,722231,2.6,0.14
795,15,Gravity Gouda,441506,1.7,0.27
796,59,Satellite Stilton,850980,4.5,0.18
797,13,Comet Caciocavallo,168844,0.9,0.15
798,23,Space Swiss,256761,1.5,0.27
799,25,Eclipse Edam,499494,0.6,0.22
800,21,Planet Parmesan,509739,2.7,0.06
801,67,Apollo Appenzeller,940395,1.2,0.21
802,35,Nebula Neufchâtel,138623,1.4,0.23
803,68,Tidal Taleggio,707228,2.5,0.26
804,44,Orbital Ricotta,800322,4.4,0.3
805,1,Gravity Gouda,685823,4.5,0.18
806,19,Blue Moon Delight,674288,3.9,0.21
807,70,Galaxy Gorgonzola,566211,3,0.14
808,42,Orbit Ozark,909456,1.4,0.28
809,4,Cosmic Cheddar,810857,2.7,0.12
810,27,Satellite Stilton,442301,2.7,0.09
811,52,Starlight Stracchino,836661,5.2,0.23
812,54,Space Brie,509621,4.8,0.08
813,46,Meteor Manchego,386157,4.6,0.32
814,18,Pluto Pecorino,144387,2.1,0.08
815,20,Apollo Appenzeller,537586,3.9,0.19
816,11,Planet Parmesan,782782,4,0.07
817,5,Andromeda Asiago,133401,1.5,0.18
818,18,Big Bang Brie,928375,2.3,0.14
819,26,Meteor Manchego,928950,3,0.26
820,36,Solar Swiss,757956,2.1,0.26
821,4,Moonlight Marbled,865576,3.4,0.08
822,39,Saturn Stilton,404135,3,0.15
823,41,Martian Manchego,435042,0.8,0.19
824,44,Cosmic Cheddar,782937,4.6,0.12
825,44,Cheddar Asteroid,428842,3.9,0.09
826,23,Lactose Lunar,713385,2.2,0.23
827,38,Crater Camembert,243154,3.9,0.11
828,10,Orbital Ricotta,417404,1.3,0.11
829,40,Lunar Limburger,498195,3,0.3
830,53,Starlight Cheddar,664387,4.5,0.05
831,19,Lactose Lunar,568057,3.5,0.3
832,27,Andromeda Asiago,587331,4.4,0.25
833,20,Lactose Lunar,699479,5.2,0.12
834,35,Cheddar Asteroid,604727,4.4,0.12
835,25,Gravity Gouda,707376,4.9,0.11
836,63,Orbit Ozark,214980,2.6,0.24
837,60,Comet Caciocavallo,875296,0.8,0.24
838,69,Astronaut Asiago,873727,2.3,0.06
839,7,Solar Swiss,612775,3.9,0.13
840,2,Lunar Limburger,537715,4.3,0.1
841,11,Neptune Neufchâtel,285243,2.1,0.31
842,10,Cosmic Cheddar,342702,3.1,0.29
843,44,Space Swiss,209850,4.1,0.21
844,24,Quasar Quark,877337,2.5,0.2
845,60,Lactose Lunar,667915,2.8,0.28
846,42,Martian Manchego,345454,2.1,0.21
847,9,Cosmic Cheddar,192630,0.6,0.14
848,69,Lactose Lunar,906190,5.2,0.05
849,49,Saturn Stilton,244772,3.9,0.18
850,25,Orion Olivet,439630,2.6,0.07
851,49,Quasar Quark,941646,1.4,0.15
852,58,Blue Moon Delight,766018,3.6,0.3
853,22,Moonlight Marbled,876378,3.9,0.14
854,51,Comet Caciocavallo,129805,4.8,0.2
855,66,Galactic Gouda,512243,0.9,0.27
856,33,Galactic Gouda,847302,1.2,0.15
857,56,Nova Neufchâtel,140638,0.9,0.08
858,15,Lunar Limburger,202671,0.9,0.27
859,22,Galaxy Gorgonzola,484143,1.3,0.16
860,19,Big Bang Brie,285743,3.7,0.24
861,45,Pluto Pecorino,833739,4.3,0.29
862,48,Big Bang Brie,485027,1.3,0.17
863,24,Milky Whey Mozzarella,880561,3.5,0.24
864,23,Saturn Stilton,680448,3.2,0.08
865,57,Nebula Neufchâtel,911713,4.4,0.11
866,21,Lunar Limburger,225954,2.3,0.24
867,64,Lactose Lunar,274928,4.9,0.27
868,18,Moonlight Marbled,200229,2.8,0.28
869,53,Andromeda Asiago,367835,0.9,0.18
870,40,Crater Camembert,591837,3.5,0.17
871,66,Orbit Ozark,593991,1.4,0.09
872,13,Satellite Stilton,788840,4.4,0.22
873,58,Big Bang Brie,152354,2.1,0.09
874,42,Blue Moon Delight,215980,0.6,0.23
875,40,Moonlight Marbled,485784,1.5,0.06
876,26,Neptune Neufchâtel,777200,4.8,0.28
877,43,Space Swiss,239113,4.8,0.12
878,31,Planet Parmesan,146429,3.7,0.29
879,6,Supernova Swiss,834012,3,0.3
880,16,Starlight Cheddar,590657,4.8,0.19
881,50,Space Swiss,545983,0.9,0.29
882,32,Apollo Appenzeller,797767,3.2,0.14
883,31,Crater Camembert,518164,1.5,0.05
884,69,Quasar Quark,583401,3.5,0.21
885,44,Space Swiss,152593,4.5,0.12
886,13,Milky Whey Mozzarella,644760,1.8,0.3
887,70,Gravity Gouda,519799,3.6,0.19
888,51,Pluto Pecorino,173964,2.3,0.12
889,24,Crater Camembert,673637,1.4,0.14
890,44,Starlight Cheddar,572683,0.6,0.28
891,21,Tidal Taleggio,333734,4.1,0.31
892,11,Andromeda Asiago,308226,4,0.2
893,11,Nebula Neufchâtel,301947,1,0.15
894,46,Crater Camembert,823375,1,0.06
895,33,Interstellar Idiazabal,655143,3.5,0.15
896,65,Eclipse Edam,946433,1,0.1
897,28,Pluto Pecorino,467817,3.1,0.21
898,70,Satellite Stracchino,120787,1.8,0.26
899,33,Galactic Gouda,766110,2.6,0.07
900,19,Nova Neufchâtel,284438,1.3,0.05
901,30,Galaxy Gorgonzola,181269,3.2,0.15
902,65,Planet Parmesan,795751,3.7,0.22
903,2,Quasar Quark,369751,3.7,0.29
904,28,Pluto Pecorino,386744,5,0.1
905,35,Space Swiss,325138,2.3,0.1
906,20,Blue Moon Delight,402464,3.6,0.11
907,17,Andromeda Asiago,802776,1.4,0.25
908,68,Neptune Neufchâtel,170551,4,0.05
909,52,Planet Parmesan,374944,1.5,0.15
910,51,Nebula Neufchâtel,404204,0.9,0.27
911,28,Lunar Limburger,285239,2.2,0.2
912,52,Cheese Comet,639022,5,0.17
913,70,Eclipse Edam,391593,2.6,0.26
914,13,Cheddar Asteroid,583820,2.7,0.15
915,46,Tidal Taleggio,219274,4.6,0.29
916,19,Nova Neufchâtel,175341,1.2,0.12
917,25,Andromeda Asiago,485925,0.6,0.11
918,24,Apollo Appenzeller,401298,1.9,0.08
919,37,Space Brie,639188,1.7,0.08
920,65,Comet Caciocavallo,429583,2.7,0.13
921,47,Galaxy Gorgonzola,486643,4.8,0.1
922,16,Orbit Ozark,234956,5.2,0.29
923,9,Planet Parmesan,668880,1.8,0.28
924,34,Gravity Gouda,195508,4.1,0.18
925,15,Eclipse Edam,756045,3,0.24
926,19,Martian Manchego,615719,4.6,0.05
927,39,Quasar Quark,709920,0.8,0.26
928,39,Quasar Quark,673233,5.2,0.23
929,65,Apollo Appenzeller,191014,5,0.28
930,70,Asteroid Aged Cheddar,478863,3.7,0.16
931,63,Orbital Ricotta,351491,0.9,0.19
932,37,Orion Olivet,168728,4.8,0.15
933,11,Crater Camembert,814922,3.1,0.25
934,57,Starlight Cheddar,265614,1,0.13
935,57,Galactic Gouda,711074,0.6,0.09
936,62,Big Bang Brie,586987,2.7,0.29
937,35,Astronaut Asiago,704158,1.2,0.3
938,25,Saturn Stilton,850719,1.2,0.24
939,21,Interstellar Idiazabal,298844,4.5,0.26
940,43,Asteroid Aged Cheddar,780752,4.1,0.25
941,21,Lactose Lunar,425814,2.3,0.07
942,27,Moonlight Marbled,157208,3.5,0.14
943,36,Crater Camembert,719257,2.3,0.17
944,36,Crater Camembert,554453,1.2,0.24
945,53,Crater Camembert,716454,3.7,0.07
946,43,Crater Camembert,128636,3.6,0.09
947,18,Gravity Gouda,352817,1.5,0.1
948,54,Interstellar Idiazabal,262767,1.9,0.12
949,28,Pluto Pecorino,496928,1.2,0.2
950,9,Apollo Appenzeller,183058,2.3,0.28
951,16,Blue Moon Delight,788216,4.4,0.24
952,63,Space Brie,239877,1.5,0.17
953,28,Lunar Limburger,693970,3.1,0.22
954,33,Martian Manchego,733909,1.3,0.14
955,8,Crater Camembert,842590,3.6,0.16
956,9,Supernova Swiss,123249,0.6,0.12
957,40,Starlight Cheddar,284417,1.2,0.09
958,36,Andromeda Asiago,839843,5.2,0.27
959,44,Astronaut Asiago,887908,1.4,0.16
960,42,Nebula Neufchâtel,374060,3.9,0.22
961,59,Comet Caciocavallo,452497,2.3,0.26
962,18,Cheese Comet,413672,2.8,0.19
963,46,Crater Camembert,671804,4.9,0.12
964,55,Starlight Stracchino,572363,1.9,0.09
965,44,Crater Camembert,330527,2.7,0.11
966,5,Gravity Gouda,736953,3.5,0.07
967,29,Orbital Ricotta,861176,3.4,0.1
968,6,Interstellar Idiazabal,404090,1.3,0.06
969,33,Starlight Cheddar,268398,2.7,0.15
970,61,Eclipse Edam,808944,4,0.28
971,44,Planet Parmesan,128300,4.1,0.12
972,16,Milky Whey Mozzarella,701911,1,0.09
973,54,Martian Manchego,291505,1.7,0.24
974,68,Space Swiss,399612,2.8,0.29
975,65,Meteor Manchego,530427,1.3,0.11
976,30,Eclipse Edam,500986,3.1,0.12
977,52,Eclipse Edam,202038,3.7,0.24
978,42,Satellite Stilton,926538,4,0.11
979,3,Apollo Appenzeller,938703,4.1,0.27
980,53,Neptune Neufchâtel,280299,1.5,0.31
981,59,Neptune Neufchâtel,300253,3.6,0.24
982,56,Tidal Taleggio,171544,1.3,0.12
983,10,Andromeda Asiago,830739,4.5,0.31
984,15,Planet Parmesan,401961,2.5,0.07
985,45,Moonlight Marbled,245160,1.4,0.19
986,24,Eclipse Edam,873658,5,0.22
987,52,Asteroid Aged Cheddar,337018,3.5,0.1
988,37,Orbit Ozark,637238,2.5,0.3
989,62,Planet Parmesan,520383,3.4,0.15
990,31,Milky Whey Mozzarella,930530,4.1,0.3
991,18,Pluto Pecorino,194381,5.2,0.27
992,46,Cosmic Cheddar,779873,5,0.14
993,51,Galaxy Gorgonzola,721723,4.1,0.15
994,27,Milky Whey Mozzarella,258393,3.6,0.27
995,18,Apollo Appenzeller,404524,0.9,0.22
996,43,Crater Camembert,791277,3.7,0.14
997,10,Martian Manchego,185563,4.5,0.26
998,18,Milky Whey Mozzarella,412241,3.6,0.18
999,57,Asteroid Aged Cheddar,274227,1.2,0.27
1000,67,Orion Olivet,720528,2.1,0.17
